Epizoda,Měsíc,YouTube_Zhlédnutí,PodcastName
Kouzelný stůl 2. díl | Experimenty v barokní kuchyni,2011-01,0,
Kouzelný stůl 2. díl | Experimenty v barokní kuchyni,2011-02,0,
Kouzelný stůl 2. díl | Experimenty v barokní kuchyni,2011-03,0,
Kouzelný stůl 2. díl | Experimenty v barokní kuchyni,2011-04,0,
Kouzelný stůl 2. díl | Experimenty v barokní kuchyni,2011-05,0,
Kouzelný stůl 2. díl | Experimenty v barokní kuchyni,2011-06,0,
Kouzelný stůl 2. díl | Experimenty v barokní kuchyni,2011-07,0,
Kouzelný stůl 2. díl | Experimenty v barokní kuchyni,2011-08,0,
Kouzelný stůl 2. díl | Experimenty v barokní kuchyni,2011-09,0,
Kouzelný stůl 2. díl | Experimenty v barokní kuchyni,2011-10,0,
Kouzelný stůl 2. díl | Experimenty v barokní kuchyni,2011-11,0,
Kouzelný stůl 2. díl | Experimenty v barokní kuchyni,2011-12,0,
Kouzelný stůl 2. díl | Experimenty v barokní kuchyni,2012-01,0,
Kouzelný stůl 2. díl | Experimenty v barokní kuchyni,2012-02,0,
Kouzelný stůl 2. díl | Experimenty v barokní kuchyni,2012-03,0,
Kouzelný stůl 2. díl | Experimenty v barokní kuchyni,2012-04,0,
Kouzelný stůl 2. díl | Experimenty v barokní kuchyni,2012-05,0,
Kouzelný stůl 2. díl | Experimenty v barokní kuchyni,2012-06,0,
Kouzelný stůl 2. díl | Experimenty v barokní kuchyni,2012-07,0,
Kouzelný stůl 2. díl | Experimenty v barokní kuchyni,2012-08,0,
Kouzelný stůl 2. díl | Experimenty v barokní kuchyni,2012-09,0,
Kouzelný stůl 2. díl | Experimenty v barokní kuchyni,2012-10,0,
Kouzelný stůl 2. díl | Experimenty v barokní kuchyni,2012-11,0,
Kouzelný stůl 2. díl | Experimenty v barokní kuchyni,2012-12,0,
Kouzelný stůl 2. díl | Experimenty v barokní kuchyni,2013-01,0,
Kouzelný stůl 2. díl | Experimenty v barokní kuchyni,2013-02,0,
Kouzelný stůl 2. díl | Experimenty v barokní kuchyni,2013-03,0,
Kouzelný stůl 2. díl | Experimenty v barokní kuchyni,2013-04,0,
Kouzelný stůl 2. díl | Experimenty v barokní kuchyni,2013-05,0,
Kouzelný stůl 2. díl | Experimenty v barokní kuchyni,2013-06,0,
Kouzelný stůl 2. díl | Experimenty v barokní kuchyni,2013-07,0,
Kouzelný stůl 2. díl | Experimenty v barokní kuchyni,2013-08,0,
Kouzelný stůl 2. díl | Experimenty v barokní kuchyni,2013-09,0,
Kouzelný stůl 2. díl | Experimenty v barokní kuchyni,2013-10,0,
Kouzelný stůl 2. díl | Experimenty v barokní kuchyni,2013-11,0,
Kouzelný stůl 2. díl | Experimenty v barokní kuchyni,2013-12,0,
Kouzelný stůl 2. díl | Experimenty v barokní kuchyni,2014-01,0,
Kouzelný stůl 2. díl | Experimenty v barokní kuchyni,2014-02,0,
Kouzelný stůl 2. díl | Experimenty v barokní kuchyni,2014-03,0,
Kouzelný stůl 2. díl | Experimenty v barokní kuchyni,2014-04,0,
Kouzelný stůl 2. díl | Experimenty v barokní kuchyni,2014-05,0,
Kouzelný stůl 2. díl | Experimenty v barokní kuchyni,2014-06,0,
Kouzelný stůl 2. díl | Experimenty v barokní kuchyni,2014-07,0,
Kouzelný stůl 2. díl | Experimenty v barokní kuchyni,2014-08,0,
Kouzelný stůl 2. díl | Experimenty v barokní kuchyni,2014-09,0,
Kouzelný stůl 2. díl | Experimenty v barokní kuchyni,2014-10,0,
Kouzelný stůl 2. díl | Experimenty v barokní kuchyni,2014-11,0,
Kouzelný stůl 2. díl | Experimenty v barokní kuchyni,2014-12,0,
Kouzelný stůl 2. díl | Experimenty v barokní kuchyni,2015-01,0,
Kouzelný stůl 2. díl | Experimenty v barokní kuchyni,2015-02,0,
Kouzelný stůl 2. díl | Experimenty v barokní kuchyni,2015-03,0,
Kouzelný stůl 2. díl | Experimenty v barokní kuchyni,2015-04,0,
Kouzelný stůl 2. díl | Experimenty v barokní kuchyni,2015-05,0,
Kouzelný stůl 2. díl | Experimenty v barokní kuchyni,2015-06,0,
Kouzelný stůl 2. díl | Experimenty v barokní kuchyni,2015-07,0,
Kouzelný stůl 2. díl | Experimenty v barokní kuchyni,2015-08,0,
Kouzelný stůl 2. díl | Experimenty v barokní kuchyni,2015-09,0,
Kouzelný stůl 2. díl | Experimenty v barokní kuchyni,2015-10,0,
Kouzelný stůl 2. díl | Experimenty v barokní kuchyni,2015-11,0,
Kouzelný stůl 2. díl | Experimenty v barokní kuchyni,2015-12,0,
Kouzelný stůl 2. díl | Experimenty v barokní kuchyni,2016-01,0,
Kouzelný stůl 2. díl | Experimenty v barokní kuchyni,2016-02,0,
Kouzelný stůl 2. díl | Experimenty v barokní kuchyni,2016-03,0,
Kouzelný stůl 2. díl | Experimenty v barokní kuchyni,2016-04,0,
Kouzelný stůl 2. díl | Experimenty v barokní kuchyni,2016-05,0,
Kouzelný stůl 2. díl | Experimenty v barokní kuchyni,2016-06,0,
Kouzelný stůl 2. díl | Experimenty v barokní kuchyni,2016-07,0,
Kouzelný stůl 2. díl | Experimenty v barokní kuchyni,2016-08,0,
Kouzelný stůl 2. díl | Experimenty v barokní kuchyni,2016-09,0,
Kouzelný stůl 2. díl | Experimenty v barokní kuchyni,2016-10,0,
Kouzelný stůl 2. díl | Experimenty v barokní kuchyni,2016-11,0,
Kouzelný stůl 2. díl | Experimenty v barokní kuchyni,2016-12,0,
Kouzelný stůl 2. díl | Experimenty v barokní kuchyni,2017-01,0,
Kouzelný stůl 2. díl | Experimenty v barokní kuchyni,2017-02,0,
Kouzelný stůl 2. díl | Experimenty v barokní kuchyni,2017-03,0,
Kouzelný stůl 2. díl | Experimenty v barokní kuchyni,2017-04,0,
Kouzelný stůl 2. díl | Experimenty v barokní kuchyni,2017-05,0,
Kouzelný stůl 2. díl | Experimenty v barokní kuchyni,2017-06,0,
Kouzelný stůl 2. díl | Experimenty v barokní kuchyni,2017-07,0,
Kouzelný stůl 2. díl | Experimenty v barokní kuchyni,2017-08,0,
Kouzelný stůl 2. díl | Experimenty v barokní kuchyni,2017-09,0,
Kouzelný stůl 2. díl | Experimenty v barokní kuchyni,2017-10,0,
Kouzelný stůl 2. díl | Experimenty v barokní kuchyni,2017-11,0,
Kouzelný stůl 2. díl | Experimenty v barokní kuchyni,2017-12,0,
Kouzelný stůl 2. díl | Experimenty v barokní kuchyni,2018-01,0,
Kouzelný stůl 2. díl | Experimenty v barokní kuchyni,2018-02,0,
Kouzelný stůl 2. díl | Experimenty v barokní kuchyni,2018-03,0,
Kouzelný stůl 2. díl | Experimenty v barokní kuchyni,2018-04,0,
Kouzelný stůl 2. díl | Experimenty v barokní kuchyni,2018-05,0,
Kouzelný stůl 2. díl | Experimenty v barokní kuchyni,2018-06,0,
Kouzelný stůl 2. díl | Experimenty v barokní kuchyni,2018-07,0,
Kouzelný stůl 2. díl | Experimenty v barokní kuchyni,2018-08,0,
Kouzelný stůl 2. díl | Experimenty v barokní kuchyni,2018-09,0,
Kouzelný stůl 2. díl | Experimenty v barokní kuchyni,2018-10,0,
Kouzelný stůl 2. díl | Experimenty v barokní kuchyni,2018-11,0,
Kouzelný stůl 2. díl | Experimenty v barokní kuchyni,2018-12,0,
Kouzelný stůl 2. díl | Experimenty v barokní kuchyni,2019-01,0,
Kouzelný stůl 2. díl | Experimenty v barokní kuchyni,2019-02,0,
Kouzelný stůl 2. díl | Experimenty v barokní kuchyni,2019-03,0,
Kouzelný stůl 2. díl | Experimenty v barokní kuchyni,2019-04,0,
Kouzelný stůl 2. díl | Experimenty v barokní kuchyni,2019-05,0,
Kouzelný stůl 2. díl | Experimenty v barokní kuchyni,2019-06,0,
Kouzelný stůl 2. díl | Experimenty v barokní kuchyni,2019-07,0,
Kouzelný stůl 2. díl | Experimenty v barokní kuchyni,2019-08,0,
Kouzelný stůl 2. díl | Experimenty v barokní kuchyni,2019-09,0,
Kouzelný stůl 2. díl | Experimenty v barokní kuchyni,2019-10,0,
Kouzelný stůl 2. díl | Experimenty v barokní kuchyni,2019-11,0,
Kouzelný stůl 2. díl | Experimenty v barokní kuchyni,2019-12,0,
Kouzelný stůl 2. díl | Experimenty v barokní kuchyni,2020-01,0,
Kouzelný stůl 2. díl | Experimenty v barokní kuchyni,2020-02,0,
Kouzelný stůl 2. díl | Experimenty v barokní kuchyni,2020-03,0,
Kouzelný stůl 2. díl | Experimenty v barokní kuchyni,2020-04,0,
Kouzelný stůl 2. díl | Experimenty v barokní kuchyni,2020-05,0,
Kouzelný stůl 2. díl | Experimenty v barokní kuchyni,2020-06,0,
Kouzelný stůl 2. díl | Experimenty v barokní kuchyni,2020-07,0,
Kouzelný stůl 2. díl | Experimenty v barokní kuchyni,2020-08,0,
Kouzelný stůl 2. díl | Experimenty v barokní kuchyni,2020-09,0,
Kouzelný stůl 2. díl | Experimenty v barokní kuchyni,2020-10,0,
Kouzelný stůl 2. díl | Experimenty v barokní kuchyni,2020-11,0,
Kouzelný stůl 2. díl | Experimenty v barokní kuchyni,2020-12,0,
Kouzelný stůl 2. díl | Experimenty v barokní kuchyni,2021-01,0,
Kouzelný stůl 2. díl | Experimenty v barokní kuchyni,2021-02,0,
Kouzelný stůl 2. díl | Experimenty v barokní kuchyni,2021-03,0,
Kouzelný stůl 2. díl | Experimenty v barokní kuchyni,2021-04,0,
Kouzelný stůl 2. díl | Experimenty v barokní kuchyni,2021-05,0,
Kouzelný stůl 2. díl | Experimenty v barokní kuchyni,2021-06,0,
Kouzelný stůl 2. díl | Experimenty v barokní kuchyni,2021-07,0,
Kouzelný stůl 2. díl | Experimenty v barokní kuchyni,2021-08,0,
Kouzelný stůl 2. díl | Experimenty v barokní kuchyni,2021-09,0,
Kouzelný stůl 2. díl | Experimenty v barokní kuchyni,2021-10,0,
Kouzelný stůl 2. díl | Experimenty v barokní kuchyni,2021-11,0,
Kouzelný stůl 2. díl | Experimenty v barokní kuchyni,2021-12,0,
Kouzelný stůl 2. díl | Experimenty v barokní kuchyni,2022-01,0,
Kouzelný stůl 2. díl | Experimenty v barokní kuchyni,2022-02,0,
Kouzelný stůl 2. díl | Experimenty v barokní kuchyni,2022-03,0,
Kouzelný stůl 2. díl | Experimenty v barokní kuchyni,2022-04,0,
Kouzelný stůl 2. díl | Experimenty v barokní kuchyni,2022-05,0,
Kouzelný stůl 2. díl | Experimenty v barokní kuchyni,2022-06,0,
Kouzelný stůl 2. díl | Experimenty v barokní kuchyni,2022-07,0,
Kouzelný stůl 2. díl | Experimenty v barokní kuchyni,2022-08,0,
Kouzelný stůl 2. díl | Experimenty v barokní kuchyni,2022-09,0,
Kouzelný stůl 2. díl | Experimenty v barokní kuchyni,2022-10,0,
Kouzelný stůl 2. díl | Experimenty v barokní kuchyni,2022-11,0,
Kouzelný stůl 2. díl | Experimenty v barokní kuchyni,2022-12,0,
Kouzelný stůl 2. díl | Experimenty v barokní kuchyni,2023-01,0,
Kouzelný stůl 2. díl | Experimenty v barokní kuchyni,2023-02,0,
Kouzelný stůl 2. díl | Experimenty v barokní kuchyni,2023-03,0,
Kouzelný stůl 2. díl | Experimenty v barokní kuchyni,2023-04,0,
Kouzelný stůl 2. díl | Experimenty v barokní kuchyni,2023-05,0,
Kouzelný stůl 2. díl | Experimenty v barokní kuchyni,2023-06,0,
Kouzelný stůl 2. díl | Experimenty v barokní kuchyni,2023-07,0,
Kouzelný stůl 2. díl | Experimenty v barokní kuchyni,2023-08,0,
Kouzelný stůl 2. díl | Experimenty v barokní kuchyni,2023-09,0,
Kouzelný stůl 2. díl | Experimenty v barokní kuchyni,2023-10,0,
Kouzelný stůl 2. díl | Experimenty v barokní kuchyni,2023-11,0,
Kouzelný stůl 2. díl | Experimenty v barokní kuchyni,2023-12,0,
Kouzelný stůl 2. díl | Experimenty v barokní kuchyni,2024-01,0,
Kouzelný stůl 2. díl | Experimenty v barokní kuchyni,2024-02,0,
Kouzelný stůl 2. díl | Experimenty v barokní kuchyni,2024-03,0,
Kouzelný stůl 2. díl | Experimenty v barokní kuchyni,2024-04,0,
Kouzelný stůl 2. díl | Experimenty v barokní kuchyni,2024-05,0,
Kouzelný stůl 2. díl | Experimenty v barokní kuchyni,2024-06,0,
Kouzelný stůl 2. díl | Experimenty v barokní kuchyni,2024-07,0,
Kouzelný stůl 2. díl | Experimenty v barokní kuchyni,2024-08,0,
Kouzelný stůl 2. díl | Experimenty v barokní kuchyni,2024-09,0,
Kouzelný stůl 2. díl | Experimenty v barokní kuchyni,2024-10,0,
Kouzelný stůl 2. díl | Experimenty v barokní kuchyni,2024-11,0,
Kouzelný stůl 2. díl | Experimenty v barokní kuchyni,2024-12,0,
Kouzelný stůl 2. díl | Experimenty v barokní kuchyni,2025-01,0,
Kouzelný stůl 2. díl | Experimenty v barokní kuchyni,2025-02,0,
Kouzelný stůl 2. díl | Experimenty v barokní kuchyni,2025-03,0,
Kouzelný stůl 2. díl | Experimenty v barokní kuchyni,2025-04,0,
Kouzelný stůl 2. díl | Experimenty v barokní kuchyni,2025-05,0,
Kouzelný stůl 2. díl | Experimenty v barokní kuchyni,2025-06,0,
Kouzelný stůl 2. díl | Experimenty v barokní kuchyni,2025-07,0,
Kouzelný stůl 2. díl | Experimenty v barokní kuchyni,2025-08,0,
Kouzelný stůl 2. díl | Experimenty v barokní kuchyni,2025-09,0,
Kouzelný stůl 2. díl | Experimenty v barokní kuchyni,2025-10,0,
Kouzelný stůl 2. díl | Experimenty v barokní kuchyni,2025-11,0,
Kouzelný stůl 2. díl | Experimenty v barokní kuchyni,2025-12,0,
Kouzelný stůl 2. díl | Experimenty v barokní kuchyni,2026-01,0,
Kouzelný stůl 2. díl | Experimenty v barokní kuchyni,2026-02,0,
Kouzelný stůl 2. díl | Experimenty v barokní kuchyni,2026-03,802,
Kouzelný stůl 2. díl | Experimenty v barokní kuchyni,2026-04,14,
Komiksové studio #1 s Guyem Delislem,2011-01,0,
Komiksové studio #1 s Guyem Delislem,2011-02,0,
Komiksové studio #1 s Guyem Delislem,2011-03,0,
Komiksové studio #1 s Guyem Delislem,2011-04,0,
Komiksové studio #1 s Guyem Delislem,2011-05,0,
Komiksové studio #1 s Guyem Delislem,2011-06,0,
Komiksové studio #1 s Guyem Delislem,2011-07,0,
Komiksové studio #1 s Guyem Delislem,2011-08,0,
Komiksové studio #1 s Guyem Delislem,2011-09,0,
Komiksové studio #1 s Guyem Delislem,2011-10,0,
Komiksové studio #1 s Guyem Delislem,2011-11,0,
Komiksové studio #1 s Guyem Delislem,2011-12,0,
Komiksové studio #1 s Guyem Delislem,2012-01,0,
Komiksové studio #1 s Guyem Delislem,2012-02,0,
Komiksové studio #1 s Guyem Delislem,2012-03,0,
Komiksové studio #1 s Guyem Delislem,2012-04,0,
Komiksové studio #1 s Guyem Delislem,2012-05,0,
Komiksové studio #1 s Guyem Delislem,2012-06,0,
Komiksové studio #1 s Guyem Delislem,2012-07,0,
Komiksové studio #1 s Guyem Delislem,2012-08,0,
Komiksové studio #1 s Guyem Delislem,2012-09,0,
Komiksové studio #1 s Guyem Delislem,2012-10,0,
Komiksové studio #1 s Guyem Delislem,2012-11,0,
Komiksové studio #1 s Guyem Delislem,2012-12,0,
Komiksové studio #1 s Guyem Delislem,2013-01,0,
Komiksové studio #1 s Guyem Delislem,2013-02,0,
Komiksové studio #1 s Guyem Delislem,2013-03,0,
Komiksové studio #1 s Guyem Delislem,2013-04,0,
Komiksové studio #1 s Guyem Delislem,2013-05,0,
Komiksové studio #1 s Guyem Delislem,2013-06,0,
Komiksové studio #1 s Guyem Delislem,2013-07,0,
Komiksové studio #1 s Guyem Delislem,2013-08,0,
Komiksové studio #1 s Guyem Delislem,2013-09,0,
Komiksové studio #1 s Guyem Delislem,2013-10,0,
Komiksové studio #1 s Guyem Delislem,2013-11,0,
Komiksové studio #1 s Guyem Delislem,2013-12,0,
Komiksové studio #1 s Guyem Delislem,2014-01,0,
Komiksové studio #1 s Guyem Delislem,2014-02,0,
Komiksové studio #1 s Guyem Delislem,2014-03,0,
Komiksové studio #1 s Guyem Delislem,2014-04,0,
Komiksové studio #1 s Guyem Delislem,2014-05,0,
Komiksové studio #1 s Guyem Delislem,2014-06,0,
Komiksové studio #1 s Guyem Delislem,2014-07,0,
Komiksové studio #1 s Guyem Delislem,2014-08,0,
Komiksové studio #1 s Guyem Delislem,2014-09,0,
Komiksové studio #1 s Guyem Delislem,2014-10,0,
Komiksové studio #1 s Guyem Delislem,2014-11,0,
Komiksové studio #1 s Guyem Delislem,2014-12,0,
Komiksové studio #1 s Guyem Delislem,2015-01,0,
Komiksové studio #1 s Guyem Delislem,2015-02,0,
Komiksové studio #1 s Guyem Delislem,2015-03,0,
Komiksové studio #1 s Guyem Delislem,2015-04,0,
Komiksové studio #1 s Guyem Delislem,2015-05,0,
Komiksové studio #1 s Guyem Delislem,2015-06,0,
Komiksové studio #1 s Guyem Delislem,2015-07,0,
Komiksové studio #1 s Guyem Delislem,2015-08,0,
Komiksové studio #1 s Guyem Delislem,2015-09,0,
Komiksové studio #1 s Guyem Delislem,2015-10,0,
Komiksové studio #1 s Guyem Delislem,2015-11,0,
Komiksové studio #1 s Guyem Delislem,2015-12,0,
Komiksové studio #1 s Guyem Delislem,2016-01,0,
Komiksové studio #1 s Guyem Delislem,2016-02,0,
Komiksové studio #1 s Guyem Delislem,2016-03,0,
Komiksové studio #1 s Guyem Delislem,2016-04,0,
Komiksové studio #1 s Guyem Delislem,2016-05,0,
Komiksové studio #1 s Guyem Delislem,2016-06,0,
Komiksové studio #1 s Guyem Delislem,2016-07,0,
Komiksové studio #1 s Guyem Delislem,2016-08,0,
Komiksové studio #1 s Guyem Delislem,2016-09,0,
Komiksové studio #1 s Guyem Delislem,2016-10,0,
Komiksové studio #1 s Guyem Delislem,2016-11,0,
Komiksové studio #1 s Guyem Delislem,2016-12,0,
Komiksové studio #1 s Guyem Delislem,2017-01,0,
Komiksové studio #1 s Guyem Delislem,2017-02,0,
Komiksové studio #1 s Guyem Delislem,2017-03,0,
Komiksové studio #1 s Guyem Delislem,2017-04,0,
Komiksové studio #1 s Guyem Delislem,2017-05,0,
Komiksové studio #1 s Guyem Delislem,2017-06,0,
Komiksové studio #1 s Guyem Delislem,2017-07,0,
Komiksové studio #1 s Guyem Delislem,2017-08,0,
Komiksové studio #1 s Guyem Delislem,2017-09,0,
Komiksové studio #1 s Guyem Delislem,2017-10,0,
Komiksové studio #1 s Guyem Delislem,2017-11,0,
Komiksové studio #1 s Guyem Delislem,2017-12,0,
Komiksové studio #1 s Guyem Delislem,2018-01,0,
Komiksové studio #1 s Guyem Delislem,2018-02,0,
Komiksové studio #1 s Guyem Delislem,2018-03,0,
Komiksové studio #1 s Guyem Delislem,2018-04,0,
Komiksové studio #1 s Guyem Delislem,2018-05,0,
Komiksové studio #1 s Guyem Delislem,2018-06,0,
Komiksové studio #1 s Guyem Delislem,2018-07,0,
Komiksové studio #1 s Guyem Delislem,2018-08,0,
Komiksové studio #1 s Guyem Delislem,2018-09,0,
Komiksové studio #1 s Guyem Delislem,2018-10,0,
Komiksové studio #1 s Guyem Delislem,2018-11,0,
Komiksové studio #1 s Guyem Delislem,2018-12,0,
Komiksové studio #1 s Guyem Delislem,2019-01,0,
Komiksové studio #1 s Guyem Delislem,2019-02,0,
Komiksové studio #1 s Guyem Delislem,2019-03,0,
Komiksové studio #1 s Guyem Delislem,2019-04,0,
Komiksové studio #1 s Guyem Delislem,2019-05,0,
Komiksové studio #1 s Guyem Delislem,2019-06,0,
Komiksové studio #1 s Guyem Delislem,2019-07,0,
Komiksové studio #1 s Guyem Delislem,2019-08,0,
Komiksové studio #1 s Guyem Delislem,2019-09,0,
Komiksové studio #1 s Guyem Delislem,2019-10,0,
Komiksové studio #1 s Guyem Delislem,2019-11,0,
Komiksové studio #1 s Guyem Delislem,2019-12,0,
Komiksové studio #1 s Guyem Delislem,2020-01,0,
Komiksové studio #1 s Guyem Delislem,2020-02,0,
Komiksové studio #1 s Guyem Delislem,2020-03,0,
Komiksové studio #1 s Guyem Delislem,2020-04,0,
Komiksové studio #1 s Guyem Delislem,2020-05,0,
Komiksové studio #1 s Guyem Delislem,2020-06,0,
Komiksové studio #1 s Guyem Delislem,2020-07,0,
Komiksové studio #1 s Guyem Delislem,2020-08,0,
Komiksové studio #1 s Guyem Delislem,2020-09,0,
Komiksové studio #1 s Guyem Delislem,2020-10,0,
Komiksové studio #1 s Guyem Delislem,2020-11,0,
Komiksové studio #1 s Guyem Delislem,2020-12,0,
Komiksové studio #1 s Guyem Delislem,2021-01,0,
Komiksové studio #1 s Guyem Delislem,2021-02,0,
Komiksové studio #1 s Guyem Delislem,2021-03,0,
Komiksové studio #1 s Guyem Delislem,2021-04,0,
Komiksové studio #1 s Guyem Delislem,2021-05,0,
Komiksové studio #1 s Guyem Delislem,2021-06,0,
Komiksové studio #1 s Guyem Delislem,2021-07,0,
Komiksové studio #1 s Guyem Delislem,2021-08,0,
Komiksové studio #1 s Guyem Delislem,2021-09,0,
Komiksové studio #1 s Guyem Delislem,2021-10,0,
Komiksové studio #1 s Guyem Delislem,2021-11,0,
Komiksové studio #1 s Guyem Delislem,2021-12,0,
Komiksové studio #1 s Guyem Delislem,2022-01,0,
Komiksové studio #1 s Guyem Delislem,2022-02,0,
Komiksové studio #1 s Guyem Delislem,2022-03,0,
Komiksové studio #1 s Guyem Delislem,2022-04,0,
Komiksové studio #1 s Guyem Delislem,2022-05,0,
Komiksové studio #1 s Guyem Delislem,2022-06,0,
Komiksové studio #1 s Guyem Delislem,2022-07,0,
Komiksové studio #1 s Guyem Delislem,2022-08,0,
Komiksové studio #1 s Guyem Delislem,2022-09,0,
Komiksové studio #1 s Guyem Delislem,2022-10,0,
Komiksové studio #1 s Guyem Delislem,2022-11,0,
Komiksové studio #1 s Guyem Delislem,2022-12,0,
Komiksové studio #1 s Guyem Delislem,2023-01,0,
Komiksové studio #1 s Guyem Delislem,2023-02,0,
Komiksové studio #1 s Guyem Delislem,2023-03,0,
Komiksové studio #1 s Guyem Delislem,2023-04,0,
Komiksové studio #1 s Guyem Delislem,2023-05,0,
Komiksové studio #1 s Guyem Delislem,2023-06,0,
Komiksové studio #1 s Guyem Delislem,2023-07,0,
Komiksové studio #1 s Guyem Delislem,2023-08,0,
Komiksové studio #1 s Guyem Delislem,2023-09,0,
Komiksové studio #1 s Guyem Delislem,2023-10,0,
Komiksové studio #1 s Guyem Delislem,2023-11,0,
Komiksové studio #1 s Guyem Delislem,2023-12,0,
Komiksové studio #1 s Guyem Delislem,2024-01,0,
Komiksové studio #1 s Guyem Delislem,2024-02,0,
Komiksové studio #1 s Guyem Delislem,2024-03,0,
Komiksové studio #1 s Guyem Delislem,2024-04,0,
Komiksové studio #1 s Guyem Delislem,2024-05,0,
Komiksové studio #1 s Guyem Delislem,2024-06,0,
Komiksové studio #1 s Guyem Delislem,2024-07,0,
Komiksové studio #1 s Guyem Delislem,2024-08,0,
Komiksové studio #1 s Guyem Delislem,2024-09,0,
Komiksové studio #1 s Guyem Delislem,2024-10,0,
Komiksové studio #1 s Guyem Delislem,2024-11,0,
Komiksové studio #1 s Guyem Delislem,2024-12,0,
Komiksové studio #1 s Guyem Delislem,2025-01,0,
Komiksové studio #1 s Guyem Delislem,2025-02,0,
Komiksové studio #1 s Guyem Delislem,2025-03,0,
Komiksové studio #1 s Guyem Delislem,2025-04,0,
Komiksové studio #1 s Guyem Delislem,2025-05,0,
Komiksové studio #1 s Guyem Delislem,2025-06,0,
Komiksové studio #1 s Guyem Delislem,2025-07,0,
Komiksové studio #1 s Guyem Delislem,2025-08,0,
Komiksové studio #1 s Guyem Delislem,2025-09,0,
Komiksové studio #1 s Guyem Delislem,2025-10,0,
Komiksové studio #1 s Guyem Delislem,2025-11,0,
Komiksové studio #1 s Guyem Delislem,2025-12,0,
Komiksové studio #1 s Guyem Delislem,2026-01,459,
Komiksové studio #1 s Guyem Delislem,2026-02,114,
Komiksové studio #1 s Guyem Delislem,2026-03,66,
Komiksové studio #1 s Guyem Delislem,2026-04,7,
Karel Poláček – Čtrnáct dní na vojně | Část 1.,2011-01,0,Nová vlna
Karel Poláček – Čtrnáct dní na vojně | Část 1.,2011-02,0,Nová vlna
Karel Poláček – Čtrnáct dní na vojně | Část 1.,2011-03,0,Nová vlna
Karel Poláček – Čtrnáct dní na vojně | Část 1.,2011-04,0,Nová vlna
Karel Poláček – Čtrnáct dní na vojně | Část 1.,2011-05,0,Nová vlna
Karel Poláček – Čtrnáct dní na vojně | Část 1.,2011-06,0,Nová vlna
Karel Poláček – Čtrnáct dní na vojně | Část 1.,2011-07,0,Nová vlna
Karel Poláček – Čtrnáct dní na vojně | Část 1.,2011-08,0,Nová vlna
Karel Poláček – Čtrnáct dní na vojně | Část 1.,2011-09,0,Nová vlna
Karel Poláček – Čtrnáct dní na vojně | Část 1.,2011-10,0,Nová vlna
Karel Poláček – Čtrnáct dní na vojně | Část 1.,2011-11,0,Nová vlna
Karel Poláček – Čtrnáct dní na vojně | Část 1.,2011-12,0,Nová vlna
Karel Poláček – Čtrnáct dní na vojně | Část 1.,2012-01,0,Nová vlna
Karel Poláček – Čtrnáct dní na vojně | Část 1.,2012-02,0,Nová vlna
Karel Poláček – Čtrnáct dní na vojně | Část 1.,2012-03,0,Nová vlna
Karel Poláček – Čtrnáct dní na vojně | Část 1.,2012-04,0,Nová vlna
Karel Poláček – Čtrnáct dní na vojně | Část 1.,2012-05,0,Nová vlna
Karel Poláček – Čtrnáct dní na vojně | Část 1.,2012-06,0,Nová vlna
Karel Poláček – Čtrnáct dní na vojně | Část 1.,2012-07,0,Nová vlna
Karel Poláček – Čtrnáct dní na vojně | Část 1.,2012-08,0,Nová vlna
Karel Poláček – Čtrnáct dní na vojně | Část 1.,2012-09,0,Nová vlna
Karel Poláček – Čtrnáct dní na vojně | Část 1.,2012-10,0,Nová vlna
Karel Poláček – Čtrnáct dní na vojně | Část 1.,2012-11,0,Nová vlna
Karel Poláček – Čtrnáct dní na vojně | Část 1.,2012-12,0,Nová vlna
Karel Poláček – Čtrnáct dní na vojně | Část 1.,2013-01,0,Nová vlna
Karel Poláček – Čtrnáct dní na vojně | Část 1.,2013-02,0,Nová vlna
Karel Poláček – Čtrnáct dní na vojně | Část 1.,2013-03,0,Nová vlna
Karel Poláček – Čtrnáct dní na vojně | Část 1.,2013-04,0,Nová vlna
Karel Poláček – Čtrnáct dní na vojně | Část 1.,2013-05,0,Nová vlna
Karel Poláček – Čtrnáct dní na vojně | Část 1.,2013-06,0,Nová vlna
Karel Poláček – Čtrnáct dní na vojně | Část 1.,2013-07,0,Nová vlna
Karel Poláček – Čtrnáct dní na vojně | Část 1.,2013-08,0,Nová vlna
Karel Poláček – Čtrnáct dní na vojně | Část 1.,2013-09,0,Nová vlna
Karel Poláček – Čtrnáct dní na vojně | Část 1.,2013-10,0,Nová vlna
Karel Poláček – Čtrnáct dní na vojně | Část 1.,2013-11,0,Nová vlna
Karel Poláček – Čtrnáct dní na vojně | Část 1.,2013-12,0,Nová vlna
Karel Poláček – Čtrnáct dní na vojně | Část 1.,2014-01,0,Nová vlna
Karel Poláček – Čtrnáct dní na vojně | Část 1.,2014-02,0,Nová vlna
Karel Poláček – Čtrnáct dní na vojně | Část 1.,2014-03,0,Nová vlna
Karel Poláček – Čtrnáct dní na vojně | Část 1.,2014-04,0,Nová vlna
Karel Poláček – Čtrnáct dní na vojně | Část 1.,2014-05,0,Nová vlna
Karel Poláček – Čtrnáct dní na vojně | Část 1.,2014-06,0,Nová vlna
Karel Poláček – Čtrnáct dní na vojně | Část 1.,2014-07,0,Nová vlna
Karel Poláček – Čtrnáct dní na vojně | Část 1.,2014-08,0,Nová vlna
Karel Poláček – Čtrnáct dní na vojně | Část 1.,2014-09,0,Nová vlna
Karel Poláček – Čtrnáct dní na vojně | Část 1.,2014-10,0,Nová vlna
Karel Poláček – Čtrnáct dní na vojně | Část 1.,2014-11,0,Nová vlna
Karel Poláček – Čtrnáct dní na vojně | Část 1.,2014-12,0,Nová vlna
Karel Poláček – Čtrnáct dní na vojně | Část 1.,2015-01,0,Nová vlna
Karel Poláček – Čtrnáct dní na vojně | Část 1.,2015-02,0,Nová vlna
Karel Poláček – Čtrnáct dní na vojně | Část 1.,2015-03,0,Nová vlna
Karel Poláček – Čtrnáct dní na vojně | Část 1.,2015-04,0,Nová vlna
Karel Poláček – Čtrnáct dní na vojně | Část 1.,2015-05,0,Nová vlna
Karel Poláček – Čtrnáct dní na vojně | Část 1.,2015-06,0,Nová vlna
Karel Poláček – Čtrnáct dní na vojně | Část 1.,2015-07,0,Nová vlna
Karel Poláček – Čtrnáct dní na vojně | Část 1.,2015-08,0,Nová vlna
Karel Poláček – Čtrnáct dní na vojně | Část 1.,2015-09,0,Nová vlna
Karel Poláček – Čtrnáct dní na vojně | Část 1.,2015-10,0,Nová vlna
Karel Poláček – Čtrnáct dní na vojně | Část 1.,2015-11,0,Nová vlna
Karel Poláček – Čtrnáct dní na vojně | Část 1.,2015-12,0,Nová vlna
Karel Poláček – Čtrnáct dní na vojně | Část 1.,2016-01,0,Nová vlna
Karel Poláček – Čtrnáct dní na vojně | Část 1.,2016-02,0,Nová vlna
Karel Poláček – Čtrnáct dní na vojně | Část 1.,2016-03,0,Nová vlna
Karel Poláček – Čtrnáct dní na vojně | Část 1.,2016-04,0,Nová vlna
Karel Poláček – Čtrnáct dní na vojně | Část 1.,2016-05,0,Nová vlna
Karel Poláček – Čtrnáct dní na vojně | Část 1.,2016-06,0,Nová vlna
Karel Poláček – Čtrnáct dní na vojně | Část 1.,2016-07,0,Nová vlna
Karel Poláček – Čtrnáct dní na vojně | Část 1.,2016-08,0,Nová vlna
Karel Poláček – Čtrnáct dní na vojně | Část 1.,2016-09,0,Nová vlna
Karel Poláček – Čtrnáct dní na vojně | Část 1.,2016-10,0,Nová vlna
Karel Poláček – Čtrnáct dní na vojně | Část 1.,2016-11,0,Nová vlna
Karel Poláček – Čtrnáct dní na vojně | Část 1.,2016-12,0,Nová vlna
Karel Poláček – Čtrnáct dní na vojně | Část 1.,2017-01,0,Nová vlna
Karel Poláček – Čtrnáct dní na vojně | Část 1.,2017-02,0,Nová vlna
Karel Poláček – Čtrnáct dní na vojně | Část 1.,2017-03,0,Nová vlna
Karel Poláček – Čtrnáct dní na vojně | Část 1.,2017-04,0,Nová vlna
Karel Poláček – Čtrnáct dní na vojně | Část 1.,2017-05,0,Nová vlna
Karel Poláček – Čtrnáct dní na vojně | Část 1.,2017-06,0,Nová vlna
Karel Poláček – Čtrnáct dní na vojně | Část 1.,2017-07,0,Nová vlna
Karel Poláček – Čtrnáct dní na vojně | Část 1.,2017-08,0,Nová vlna
Karel Poláček – Čtrnáct dní na vojně | Část 1.,2017-09,0,Nová vlna
Karel Poláček – Čtrnáct dní na vojně | Část 1.,2017-10,0,Nová vlna
Karel Poláček – Čtrnáct dní na vojně | Část 1.,2017-11,0,Nová vlna
Karel Poláček – Čtrnáct dní na vojně | Část 1.,2017-12,0,Nová vlna
Karel Poláček – Čtrnáct dní na vojně | Část 1.,2018-01,0,Nová vlna
Karel Poláček – Čtrnáct dní na vojně | Část 1.,2018-02,0,Nová vlna
Karel Poláček – Čtrnáct dní na vojně | Část 1.,2018-03,0,Nová vlna
Karel Poláček – Čtrnáct dní na vojně | Část 1.,2018-04,0,Nová vlna
Karel Poláček – Čtrnáct dní na vojně | Část 1.,2018-05,0,Nová vlna
Karel Poláček – Čtrnáct dní na vojně | Část 1.,2018-06,0,Nová vlna
Karel Poláček – Čtrnáct dní na vojně | Část 1.,2018-07,0,Nová vlna
Karel Poláček – Čtrnáct dní na vojně | Část 1.,2018-08,0,Nová vlna
Karel Poláček – Čtrnáct dní na vojně | Část 1.,2018-09,0,Nová vlna
Karel Poláček – Čtrnáct dní na vojně | Část 1.,2018-10,0,Nová vlna
Karel Poláček – Čtrnáct dní na vojně | Část 1.,2018-11,0,Nová vlna
Karel Poláček – Čtrnáct dní na vojně | Část 1.,2018-12,0,Nová vlna
Karel Poláček – Čtrnáct dní na vojně | Část 1.,2019-01,0,Nová vlna
Karel Poláček – Čtrnáct dní na vojně | Část 1.,2019-02,0,Nová vlna
Karel Poláček – Čtrnáct dní na vojně | Část 1.,2019-03,0,Nová vlna
Karel Poláček – Čtrnáct dní na vojně | Část 1.,2019-04,0,Nová vlna
Karel Poláček – Čtrnáct dní na vojně | Část 1.,2019-05,0,Nová vlna
Karel Poláček – Čtrnáct dní na vojně | Část 1.,2019-06,0,Nová vlna
Karel Poláček – Čtrnáct dní na vojně | Část 1.,2019-07,0,Nová vlna
Karel Poláček – Čtrnáct dní na vojně | Část 1.,2019-08,0,Nová vlna
Karel Poláček – Čtrnáct dní na vojně | Část 1.,2019-09,0,Nová vlna
Karel Poláček – Čtrnáct dní na vojně | Část 1.,2019-10,0,Nová vlna
Karel Poláček – Čtrnáct dní na vojně | Část 1.,2019-11,0,Nová vlna
Karel Poláček – Čtrnáct dní na vojně | Část 1.,2019-12,0,Nová vlna
Karel Poláček – Čtrnáct dní na vojně | Část 1.,2020-01,0,Nová vlna
Karel Poláček – Čtrnáct dní na vojně | Část 1.,2020-02,0,Nová vlna
Karel Poláček – Čtrnáct dní na vojně | Část 1.,2020-03,0,Nová vlna
Karel Poláček – Čtrnáct dní na vojně | Část 1.,2020-04,0,Nová vlna
Karel Poláček – Čtrnáct dní na vojně | Část 1.,2020-05,0,Nová vlna
Karel Poláček – Čtrnáct dní na vojně | Část 1.,2020-06,0,Nová vlna
Karel Poláček – Čtrnáct dní na vojně | Část 1.,2020-07,0,Nová vlna
Karel Poláček – Čtrnáct dní na vojně | Část 1.,2020-08,0,Nová vlna
Karel Poláček – Čtrnáct dní na vojně | Část 1.,2020-09,0,Nová vlna
Karel Poláček – Čtrnáct dní na vojně | Část 1.,2020-10,0,Nová vlna
Karel Poláček – Čtrnáct dní na vojně | Část 1.,2020-11,0,Nová vlna
Karel Poláček – Čtrnáct dní na vojně | Část 1.,2020-12,0,Nová vlna
Karel Poláček – Čtrnáct dní na vojně | Část 1.,2021-01,0,Nová vlna
Karel Poláček – Čtrnáct dní na vojně | Část 1.,2021-02,0,Nová vlna
Karel Poláček – Čtrnáct dní na vojně | Část 1.,2021-03,0,Nová vlna
Karel Poláček – Čtrnáct dní na vojně | Část 1.,2021-04,0,Nová vlna
Karel Poláček – Čtrnáct dní na vojně | Část 1.,2021-05,0,Nová vlna
Karel Poláček – Čtrnáct dní na vojně | Část 1.,2021-06,0,Nová vlna
Karel Poláček – Čtrnáct dní na vojně | Část 1.,2021-07,0,Nová vlna
Karel Poláček – Čtrnáct dní na vojně | Část 1.,2021-08,0,Nová vlna
Karel Poláček – Čtrnáct dní na vojně | Část 1.,2021-09,0,Nová vlna
Karel Poláček – Čtrnáct dní na vojně | Část 1.,2021-10,0,Nová vlna
Karel Poláček – Čtrnáct dní na vojně | Část 1.,2021-11,0,Nová vlna
Karel Poláček – Čtrnáct dní na vojně | Část 1.,2021-12,0,Nová vlna
Karel Poláček – Čtrnáct dní na vojně | Část 1.,2022-01,0,Nová vlna
Karel Poláček – Čtrnáct dní na vojně | Část 1.,2022-02,0,Nová vlna
Karel Poláček – Čtrnáct dní na vojně | Část 1.,2022-03,0,Nová vlna
Karel Poláček – Čtrnáct dní na vojně | Část 1.,2022-04,0,Nová vlna
Karel Poláček – Čtrnáct dní na vojně | Část 1.,2022-05,0,Nová vlna
Karel Poláček – Čtrnáct dní na vojně | Část 1.,2022-06,0,Nová vlna
Karel Poláček – Čtrnáct dní na vojně | Část 1.,2022-07,0,Nová vlna
Karel Poláček – Čtrnáct dní na vojně | Část 1.,2022-08,0,Nová vlna
Karel Poláček – Čtrnáct dní na vojně | Část 1.,2022-09,0,Nová vlna
Karel Poláček – Čtrnáct dní na vojně | Část 1.,2022-10,0,Nová vlna
Karel Poláček – Čtrnáct dní na vojně | Část 1.,2022-11,0,Nová vlna
Karel Poláček – Čtrnáct dní na vojně | Část 1.,2022-12,0,Nová vlna
Karel Poláček – Čtrnáct dní na vojně | Část 1.,2023-01,0,Nová vlna
Karel Poláček – Čtrnáct dní na vojně | Část 1.,2023-02,0,Nová vlna
Karel Poláček – Čtrnáct dní na vojně | Část 1.,2023-03,0,Nová vlna
Karel Poláček – Čtrnáct dní na vojně | Část 1.,2023-04,0,Nová vlna
Karel Poláček – Čtrnáct dní na vojně | Část 1.,2023-05,0,Nová vlna
Karel Poláček – Čtrnáct dní na vojně | Část 1.,2023-06,0,Nová vlna
Karel Poláček – Čtrnáct dní na vojně | Část 1.,2023-07,0,Nová vlna
Karel Poláček – Čtrnáct dní na vojně | Část 1.,2023-08,0,Nová vlna
Karel Poláček – Čtrnáct dní na vojně | Část 1.,2023-09,0,Nová vlna
Karel Poláček – Čtrnáct dní na vojně | Část 1.,2023-10,0,Nová vlna
Karel Poláček – Čtrnáct dní na vojně | Část 1.,2023-11,0,Nová vlna
Karel Poláček – Čtrnáct dní na vojně | Část 1.,2023-12,0,Nová vlna
Karel Poláček – Čtrnáct dní na vojně | Část 1.,2024-01,0,Nová vlna
Karel Poláček – Čtrnáct dní na vojně | Část 1.,2024-02,0,Nová vlna
Karel Poláček – Čtrnáct dní na vojně | Část 1.,2024-03,0,Nová vlna
Karel Poláček – Čtrnáct dní na vojně | Část 1.,2024-04,0,Nová vlna
Karel Poláček – Čtrnáct dní na vojně | Část 1.,2024-05,0,Nová vlna
Karel Poláček – Čtrnáct dní na vojně | Část 1.,2024-06,0,Nová vlna
Karel Poláček – Čtrnáct dní na vojně | Část 1.,2024-07,0,Nová vlna
Karel Poláček – Čtrnáct dní na vojně | Část 1.,2024-08,0,Nová vlna
Karel Poláček – Čtrnáct dní na vojně | Část 1.,2024-09,0,Nová vlna
Karel Poláček – Čtrnáct dní na vojně | Část 1.,2024-10,0,Nová vlna
Karel Poláček – Čtrnáct dní na vojně | Část 1.,2024-11,0,Nová vlna
Karel Poláček – Čtrnáct dní na vojně | Část 1.,2024-12,0,Nová vlna
Karel Poláček – Čtrnáct dní na vojně | Část 1.,2025-01,0,Nová vlna
Karel Poláček – Čtrnáct dní na vojně | Část 1.,2025-02,0,Nová vlna
Karel Poláček – Čtrnáct dní na vojně | Část 1.,2025-03,0,Nová vlna
Karel Poláček – Čtrnáct dní na vojně | Část 1.,2025-04,0,Nová vlna
Karel Poláček – Čtrnáct dní na vojně | Část 1.,2025-05,0,Nová vlna
Karel Poláček – Čtrnáct dní na vojně | Část 1.,2025-06,0,Nová vlna
Karel Poláček – Čtrnáct dní na vojně | Část 1.,2025-07,0,Nová vlna
Karel Poláček – Čtrnáct dní na vojně | Část 1.,2025-08,108,Nová vlna
Karel Poláček – Čtrnáct dní na vojně | Část 1.,2025-09,255,Nová vlna
Karel Poláček – Čtrnáct dní na vojně | Část 1.,2025-10,31,Nová vlna
Karel Poláček – Čtrnáct dní na vojně | Část 1.,2025-11,29,Nová vlna
Karel Poláček – Čtrnáct dní na vojně | Část 1.,2025-12,28,Nová vlna
Karel Poláček – Čtrnáct dní na vojně | Část 1.,2026-01,34,Nová vlna
Karel Poláček – Čtrnáct dní na vojně | Část 1.,2026-02,15,Nová vlna
Karel Poláček – Čtrnáct dní na vojně | Část 1.,2026-03,23,Nová vlna
Karel Poláček – Čtrnáct dní na vojně | Část 1.,2026-04,3,Nová vlna
Josef Mach – Tři mrtvoly ve sklepě a jiné | Povídka 7: Podivuhodný příběh Karla Straširybky,2011-01,0,Nová vlna
Josef Mach – Tři mrtvoly ve sklepě a jiné | Povídka 7: Podivuhodný příběh Karla Straširybky,2011-02,0,Nová vlna
Josef Mach – Tři mrtvoly ve sklepě a jiné | Povídka 7: Podivuhodný příběh Karla Straširybky,2011-03,0,Nová vlna
Josef Mach – Tři mrtvoly ve sklepě a jiné | Povídka 7: Podivuhodný příběh Karla Straširybky,2011-04,0,Nová vlna
Josef Mach – Tři mrtvoly ve sklepě a jiné | Povídka 7: Podivuhodný příběh Karla Straširybky,2011-05,0,Nová vlna
Josef Mach – Tři mrtvoly ve sklepě a jiné | Povídka 7: Podivuhodný příběh Karla Straširybky,2011-06,0,Nová vlna
Josef Mach – Tři mrtvoly ve sklepě a jiné | Povídka 7: Podivuhodný příběh Karla Straširybky,2011-07,0,Nová vlna
Josef Mach – Tři mrtvoly ve sklepě a jiné | Povídka 7: Podivuhodný příběh Karla Straširybky,2011-08,0,Nová vlna
Josef Mach – Tři mrtvoly ve sklepě a jiné | Povídka 7: Podivuhodný příběh Karla Straširybky,2011-09,0,Nová vlna
Josef Mach – Tři mrtvoly ve sklepě a jiné | Povídka 7: Podivuhodný příběh Karla Straširybky,2011-10,0,Nová vlna
Josef Mach – Tři mrtvoly ve sklepě a jiné | Povídka 7: Podivuhodný příběh Karla Straširybky,2011-11,0,Nová vlna
Josef Mach – Tři mrtvoly ve sklepě a jiné | Povídka 7: Podivuhodný příběh Karla Straširybky,2011-12,0,Nová vlna
Josef Mach – Tři mrtvoly ve sklepě a jiné | Povídka 7: Podivuhodný příběh Karla Straširybky,2012-01,0,Nová vlna
Josef Mach – Tři mrtvoly ve sklepě a jiné | Povídka 7: Podivuhodný příběh Karla Straširybky,2012-02,0,Nová vlna
Josef Mach – Tři mrtvoly ve sklepě a jiné | Povídka 7: Podivuhodný příběh Karla Straširybky,2012-03,0,Nová vlna
Josef Mach – Tři mrtvoly ve sklepě a jiné | Povídka 7: Podivuhodný příběh Karla Straširybky,2012-04,0,Nová vlna
Josef Mach – Tři mrtvoly ve sklepě a jiné | Povídka 7: Podivuhodný příběh Karla Straširybky,2012-05,0,Nová vlna
Josef Mach – Tři mrtvoly ve sklepě a jiné | Povídka 7: Podivuhodný příběh Karla Straširybky,2012-06,0,Nová vlna
Josef Mach – Tři mrtvoly ve sklepě a jiné | Povídka 7: Podivuhodný příběh Karla Straširybky,2012-07,0,Nová vlna
Josef Mach – Tři mrtvoly ve sklepě a jiné | Povídka 7: Podivuhodný příběh Karla Straširybky,2012-08,0,Nová vlna
Josef Mach – Tři mrtvoly ve sklepě a jiné | Povídka 7: Podivuhodný příběh Karla Straširybky,2012-09,0,Nová vlna
Josef Mach – Tři mrtvoly ve sklepě a jiné | Povídka 7: Podivuhodný příběh Karla Straširybky,2012-10,0,Nová vlna
Josef Mach – Tři mrtvoly ve sklepě a jiné | Povídka 7: Podivuhodný příběh Karla Straširybky,2012-11,0,Nová vlna
Josef Mach – Tři mrtvoly ve sklepě a jiné | Povídka 7: Podivuhodný příběh Karla Straširybky,2012-12,0,Nová vlna
Josef Mach – Tři mrtvoly ve sklepě a jiné | Povídka 7: Podivuhodný příběh Karla Straširybky,2013-01,0,Nová vlna
Josef Mach – Tři mrtvoly ve sklepě a jiné | Povídka 7: Podivuhodný příběh Karla Straširybky,2013-02,0,Nová vlna
Josef Mach – Tři mrtvoly ve sklepě a jiné | Povídka 7: Podivuhodný příběh Karla Straširybky,2013-03,0,Nová vlna
Josef Mach – Tři mrtvoly ve sklepě a jiné | Povídka 7: Podivuhodný příběh Karla Straširybky,2013-04,0,Nová vlna
Josef Mach – Tři mrtvoly ve sklepě a jiné | Povídka 7: Podivuhodný příběh Karla Straširybky,2013-05,0,Nová vlna
Josef Mach – Tři mrtvoly ve sklepě a jiné | Povídka 7: Podivuhodný příběh Karla Straširybky,2013-06,0,Nová vlna
Josef Mach – Tři mrtvoly ve sklepě a jiné | Povídka 7: Podivuhodný příběh Karla Straširybky,2013-07,0,Nová vlna
Josef Mach – Tři mrtvoly ve sklepě a jiné | Povídka 7: Podivuhodný příběh Karla Straširybky,2013-08,0,Nová vlna
Josef Mach – Tři mrtvoly ve sklepě a jiné | Povídka 7: Podivuhodný příběh Karla Straširybky,2013-09,0,Nová vlna
Josef Mach – Tři mrtvoly ve sklepě a jiné | Povídka 7: Podivuhodný příběh Karla Straširybky,2013-10,0,Nová vlna
Josef Mach – Tři mrtvoly ve sklepě a jiné | Povídka 7: Podivuhodný příběh Karla Straširybky,2013-11,0,Nová vlna
Josef Mach – Tři mrtvoly ve sklepě a jiné | Povídka 7: Podivuhodný příběh Karla Straširybky,2013-12,0,Nová vlna
Josef Mach – Tři mrtvoly ve sklepě a jiné | Povídka 7: Podivuhodný příběh Karla Straširybky,2014-01,0,Nová vlna
Josef Mach – Tři mrtvoly ve sklepě a jiné | Povídka 7: Podivuhodný příběh Karla Straširybky,2014-02,0,Nová vlna
Josef Mach – Tři mrtvoly ve sklepě a jiné | Povídka 7: Podivuhodný příběh Karla Straširybky,2014-03,0,Nová vlna
Josef Mach – Tři mrtvoly ve sklepě a jiné | Povídka 7: Podivuhodný příběh Karla Straširybky,2014-04,0,Nová vlna
Josef Mach – Tři mrtvoly ve sklepě a jiné | Povídka 7: Podivuhodný příběh Karla Straširybky,2014-05,0,Nová vlna
Josef Mach – Tři mrtvoly ve sklepě a jiné | Povídka 7: Podivuhodný příběh Karla Straširybky,2014-06,0,Nová vlna
Josef Mach – Tři mrtvoly ve sklepě a jiné | Povídka 7: Podivuhodný příběh Karla Straširybky,2014-07,0,Nová vlna
Josef Mach – Tři mrtvoly ve sklepě a jiné | Povídka 7: Podivuhodný příběh Karla Straširybky,2014-08,0,Nová vlna
Josef Mach – Tři mrtvoly ve sklepě a jiné | Povídka 7: Podivuhodný příběh Karla Straširybky,2014-09,0,Nová vlna
Josef Mach – Tři mrtvoly ve sklepě a jiné | Povídka 7: Podivuhodný příběh Karla Straširybky,2014-10,0,Nová vlna
Josef Mach – Tři mrtvoly ve sklepě a jiné | Povídka 7: Podivuhodný příběh Karla Straširybky,2014-11,0,Nová vlna
Josef Mach – Tři mrtvoly ve sklepě a jiné | Povídka 7: Podivuhodný příběh Karla Straširybky,2014-12,0,Nová vlna
Josef Mach – Tři mrtvoly ve sklepě a jiné | Povídka 7: Podivuhodný příběh Karla Straširybky,2015-01,0,Nová vlna
Josef Mach – Tři mrtvoly ve sklepě a jiné | Povídka 7: Podivuhodný příběh Karla Straširybky,2015-02,0,Nová vlna
Josef Mach – Tři mrtvoly ve sklepě a jiné | Povídka 7: Podivuhodný příběh Karla Straširybky,2015-03,0,Nová vlna
Josef Mach – Tři mrtvoly ve sklepě a jiné | Povídka 7: Podivuhodný příběh Karla Straširybky,2015-04,0,Nová vlna
Josef Mach – Tři mrtvoly ve sklepě a jiné | Povídka 7: Podivuhodný příběh Karla Straširybky,2015-05,0,Nová vlna
Josef Mach – Tři mrtvoly ve sklepě a jiné | Povídka 7: Podivuhodný příběh Karla Straširybky,2015-06,0,Nová vlna
Josef Mach – Tři mrtvoly ve sklepě a jiné | Povídka 7: Podivuhodný příběh Karla Straširybky,2015-07,0,Nová vlna
Josef Mach – Tři mrtvoly ve sklepě a jiné | Povídka 7: Podivuhodný příběh Karla Straširybky,2015-08,0,Nová vlna
Josef Mach – Tři mrtvoly ve sklepě a jiné | Povídka 7: Podivuhodný příběh Karla Straširybky,2015-09,0,Nová vlna
Josef Mach – Tři mrtvoly ve sklepě a jiné | Povídka 7: Podivuhodný příběh Karla Straširybky,2015-10,0,Nová vlna
Josef Mach – Tři mrtvoly ve sklepě a jiné | Povídka 7: Podivuhodný příběh Karla Straširybky,2015-11,0,Nová vlna
Josef Mach – Tři mrtvoly ve sklepě a jiné | Povídka 7: Podivuhodný příběh Karla Straširybky,2015-12,0,Nová vlna
Josef Mach – Tři mrtvoly ve sklepě a jiné | Povídka 7: Podivuhodný příběh Karla Straširybky,2016-01,0,Nová vlna
Josef Mach – Tři mrtvoly ve sklepě a jiné | Povídka 7: Podivuhodný příběh Karla Straširybky,2016-02,0,Nová vlna
Josef Mach – Tři mrtvoly ve sklepě a jiné | Povídka 7: Podivuhodný příběh Karla Straširybky,2016-03,0,Nová vlna
Josef Mach – Tři mrtvoly ve sklepě a jiné | Povídka 7: Podivuhodný příběh Karla Straširybky,2016-04,0,Nová vlna
Josef Mach – Tři mrtvoly ve sklepě a jiné | Povídka 7: Podivuhodný příběh Karla Straširybky,2016-05,0,Nová vlna
Josef Mach – Tři mrtvoly ve sklepě a jiné | Povídka 7: Podivuhodný příběh Karla Straširybky,2016-06,0,Nová vlna
Josef Mach – Tři mrtvoly ve sklepě a jiné | Povídka 7: Podivuhodný příběh Karla Straširybky,2016-07,0,Nová vlna
Josef Mach – Tři mrtvoly ve sklepě a jiné | Povídka 7: Podivuhodný příběh Karla Straširybky,2016-08,0,Nová vlna
Josef Mach – Tři mrtvoly ve sklepě a jiné | Povídka 7: Podivuhodný příběh Karla Straširybky,2016-09,0,Nová vlna
Josef Mach – Tři mrtvoly ve sklepě a jiné | Povídka 7: Podivuhodný příběh Karla Straširybky,2016-10,0,Nová vlna
Josef Mach – Tři mrtvoly ve sklepě a jiné | Povídka 7: Podivuhodný příběh Karla Straširybky,2016-11,0,Nová vlna
Josef Mach – Tři mrtvoly ve sklepě a jiné | Povídka 7: Podivuhodný příběh Karla Straširybky,2016-12,0,Nová vlna
Josef Mach – Tři mrtvoly ve sklepě a jiné | Povídka 7: Podivuhodný příběh Karla Straširybky,2017-01,0,Nová vlna
Josef Mach – Tři mrtvoly ve sklepě a jiné | Povídka 7: Podivuhodný příběh Karla Straširybky,2017-02,0,Nová vlna
Josef Mach – Tři mrtvoly ve sklepě a jiné | Povídka 7: Podivuhodný příběh Karla Straširybky,2017-03,0,Nová vlna
Josef Mach – Tři mrtvoly ve sklepě a jiné | Povídka 7: Podivuhodný příběh Karla Straširybky,2017-04,0,Nová vlna
Josef Mach – Tři mrtvoly ve sklepě a jiné | Povídka 7: Podivuhodný příběh Karla Straširybky,2017-05,0,Nová vlna
Josef Mach – Tři mrtvoly ve sklepě a jiné | Povídka 7: Podivuhodný příběh Karla Straširybky,2017-06,0,Nová vlna
Josef Mach – Tři mrtvoly ve sklepě a jiné | Povídka 7: Podivuhodný příběh Karla Straširybky,2017-07,0,Nová vlna
Josef Mach – Tři mrtvoly ve sklepě a jiné | Povídka 7: Podivuhodný příběh Karla Straširybky,2017-08,0,Nová vlna
Josef Mach – Tři mrtvoly ve sklepě a jiné | Povídka 7: Podivuhodný příběh Karla Straširybky,2017-09,0,Nová vlna
Josef Mach – Tři mrtvoly ve sklepě a jiné | Povídka 7: Podivuhodný příběh Karla Straširybky,2017-10,0,Nová vlna
Josef Mach – Tři mrtvoly ve sklepě a jiné | Povídka 7: Podivuhodný příběh Karla Straširybky,2017-11,0,Nová vlna
Josef Mach – Tři mrtvoly ve sklepě a jiné | Povídka 7: Podivuhodný příběh Karla Straširybky,2017-12,0,Nová vlna
Josef Mach – Tři mrtvoly ve sklepě a jiné | Povídka 7: Podivuhodný příběh Karla Straširybky,2018-01,0,Nová vlna
Josef Mach – Tři mrtvoly ve sklepě a jiné | Povídka 7: Podivuhodný příběh Karla Straširybky,2018-02,0,Nová vlna
Josef Mach – Tři mrtvoly ve sklepě a jiné | Povídka 7: Podivuhodný příběh Karla Straširybky,2018-03,0,Nová vlna
Josef Mach – Tři mrtvoly ve sklepě a jiné | Povídka 7: Podivuhodný příběh Karla Straširybky,2018-04,0,Nová vlna
Josef Mach – Tři mrtvoly ve sklepě a jiné | Povídka 7: Podivuhodný příběh Karla Straširybky,2018-05,0,Nová vlna
Josef Mach – Tři mrtvoly ve sklepě a jiné | Povídka 7: Podivuhodný příběh Karla Straširybky,2018-06,0,Nová vlna
Josef Mach – Tři mrtvoly ve sklepě a jiné | Povídka 7: Podivuhodný příběh Karla Straširybky,2018-07,0,Nová vlna
Josef Mach – Tři mrtvoly ve sklepě a jiné | Povídka 7: Podivuhodný příběh Karla Straširybky,2018-08,0,Nová vlna
Josef Mach – Tři mrtvoly ve sklepě a jiné | Povídka 7: Podivuhodný příběh Karla Straširybky,2018-09,0,Nová vlna
Josef Mach – Tři mrtvoly ve sklepě a jiné | Povídka 7: Podivuhodný příběh Karla Straširybky,2018-10,0,Nová vlna
Josef Mach – Tři mrtvoly ve sklepě a jiné | Povídka 7: Podivuhodný příběh Karla Straširybky,2018-11,0,Nová vlna
Josef Mach – Tři mrtvoly ve sklepě a jiné | Povídka 7: Podivuhodný příběh Karla Straširybky,2018-12,0,Nová vlna
Josef Mach – Tři mrtvoly ve sklepě a jiné | Povídka 7: Podivuhodný příběh Karla Straširybky,2019-01,0,Nová vlna
Josef Mach – Tři mrtvoly ve sklepě a jiné | Povídka 7: Podivuhodný příběh Karla Straširybky,2019-02,0,Nová vlna
Josef Mach – Tři mrtvoly ve sklepě a jiné | Povídka 7: Podivuhodný příběh Karla Straširybky,2019-03,0,Nová vlna
Josef Mach – Tři mrtvoly ve sklepě a jiné | Povídka 7: Podivuhodný příběh Karla Straširybky,2019-04,0,Nová vlna
Josef Mach – Tři mrtvoly ve sklepě a jiné | Povídka 7: Podivuhodný příběh Karla Straširybky,2019-05,0,Nová vlna
Josef Mach – Tři mrtvoly ve sklepě a jiné | Povídka 7: Podivuhodný příběh Karla Straširybky,2019-06,0,Nová vlna
Josef Mach – Tři mrtvoly ve sklepě a jiné | Povídka 7: Podivuhodný příběh Karla Straširybky,2019-07,0,Nová vlna
Josef Mach – Tři mrtvoly ve sklepě a jiné | Povídka 7: Podivuhodný příběh Karla Straširybky,2019-08,0,Nová vlna
Josef Mach – Tři mrtvoly ve sklepě a jiné | Povídka 7: Podivuhodný příběh Karla Straširybky,2019-09,0,Nová vlna
Josef Mach – Tři mrtvoly ve sklepě a jiné | Povídka 7: Podivuhodný příběh Karla Straširybky,2019-10,0,Nová vlna
Josef Mach – Tři mrtvoly ve sklepě a jiné | Povídka 7: Podivuhodný příběh Karla Straširybky,2019-11,0,Nová vlna
Josef Mach – Tři mrtvoly ve sklepě a jiné | Povídka 7: Podivuhodný příběh Karla Straširybky,2019-12,0,Nová vlna
Josef Mach – Tři mrtvoly ve sklepě a jiné | Povídka 7: Podivuhodný příběh Karla Straširybky,2020-01,0,Nová vlna
Josef Mach – Tři mrtvoly ve sklepě a jiné | Povídka 7: Podivuhodný příběh Karla Straširybky,2020-02,0,Nová vlna
Josef Mach – Tři mrtvoly ve sklepě a jiné | Povídka 7: Podivuhodný příběh Karla Straširybky,2020-03,0,Nová vlna
Josef Mach – Tři mrtvoly ve sklepě a jiné | Povídka 7: Podivuhodný příběh Karla Straširybky,2020-04,0,Nová vlna
Josef Mach – Tři mrtvoly ve sklepě a jiné | Povídka 7: Podivuhodný příběh Karla Straširybky,2020-05,0,Nová vlna
Josef Mach – Tři mrtvoly ve sklepě a jiné | Povídka 7: Podivuhodný příběh Karla Straširybky,2020-06,0,Nová vlna
Josef Mach – Tři mrtvoly ve sklepě a jiné | Povídka 7: Podivuhodný příběh Karla Straširybky,2020-07,0,Nová vlna
Josef Mach – Tři mrtvoly ve sklepě a jiné | Povídka 7: Podivuhodný příběh Karla Straširybky,2020-08,0,Nová vlna
Josef Mach – Tři mrtvoly ve sklepě a jiné | Povídka 7: Podivuhodný příběh Karla Straširybky,2020-09,0,Nová vlna
Josef Mach – Tři mrtvoly ve sklepě a jiné | Povídka 7: Podivuhodný příběh Karla Straširybky,2020-10,0,Nová vlna
Josef Mach – Tři mrtvoly ve sklepě a jiné | Povídka 7: Podivuhodný příběh Karla Straširybky,2020-11,0,Nová vlna
Josef Mach – Tři mrtvoly ve sklepě a jiné | Povídka 7: Podivuhodný příběh Karla Straširybky,2020-12,0,Nová vlna
Josef Mach – Tři mrtvoly ve sklepě a jiné | Povídka 7: Podivuhodný příběh Karla Straširybky,2021-01,0,Nová vlna
Josef Mach – Tři mrtvoly ve sklepě a jiné | Povídka 7: Podivuhodný příběh Karla Straširybky,2021-02,0,Nová vlna
Josef Mach – Tři mrtvoly ve sklepě a jiné | Povídka 7: Podivuhodný příběh Karla Straširybky,2021-03,0,Nová vlna
Josef Mach – Tři mrtvoly ve sklepě a jiné | Povídka 7: Podivuhodný příběh Karla Straširybky,2021-04,0,Nová vlna
Josef Mach – Tři mrtvoly ve sklepě a jiné | Povídka 7: Podivuhodný příběh Karla Straširybky,2021-05,0,Nová vlna
Josef Mach – Tři mrtvoly ve sklepě a jiné | Povídka 7: Podivuhodný příběh Karla Straširybky,2021-06,0,Nová vlna
Josef Mach – Tři mrtvoly ve sklepě a jiné | Povídka 7: Podivuhodný příběh Karla Straširybky,2021-07,0,Nová vlna
Josef Mach – Tři mrtvoly ve sklepě a jiné | Povídka 7: Podivuhodný příběh Karla Straširybky,2021-08,0,Nová vlna
Josef Mach – Tři mrtvoly ve sklepě a jiné | Povídka 7: Podivuhodný příběh Karla Straširybky,2021-09,0,Nová vlna
Josef Mach – Tři mrtvoly ve sklepě a jiné | Povídka 7: Podivuhodný příběh Karla Straširybky,2021-10,0,Nová vlna
Josef Mach – Tři mrtvoly ve sklepě a jiné | Povídka 7: Podivuhodný příběh Karla Straširybky,2021-11,0,Nová vlna
Josef Mach – Tři mrtvoly ve sklepě a jiné | Povídka 7: Podivuhodný příběh Karla Straširybky,2021-12,0,Nová vlna
Josef Mach – Tři mrtvoly ve sklepě a jiné | Povídka 7: Podivuhodný příběh Karla Straširybky,2022-01,0,Nová vlna
Josef Mach – Tři mrtvoly ve sklepě a jiné | Povídka 7: Podivuhodný příběh Karla Straširybky,2022-02,0,Nová vlna
Josef Mach – Tři mrtvoly ve sklepě a jiné | Povídka 7: Podivuhodný příběh Karla Straširybky,2022-03,0,Nová vlna
Josef Mach – Tři mrtvoly ve sklepě a jiné | Povídka 7: Podivuhodný příběh Karla Straširybky,2022-04,0,Nová vlna
Josef Mach – Tři mrtvoly ve sklepě a jiné | Povídka 7: Podivuhodný příběh Karla Straširybky,2022-05,0,Nová vlna
Josef Mach – Tři mrtvoly ve sklepě a jiné | Povídka 7: Podivuhodný příběh Karla Straširybky,2022-06,0,Nová vlna
Josef Mach – Tři mrtvoly ve sklepě a jiné | Povídka 7: Podivuhodný příběh Karla Straširybky,2022-07,0,Nová vlna
Josef Mach – Tři mrtvoly ve sklepě a jiné | Povídka 7: Podivuhodný příběh Karla Straširybky,2022-08,0,Nová vlna
Josef Mach – Tři mrtvoly ve sklepě a jiné | Povídka 7: Podivuhodný příběh Karla Straširybky,2022-09,0,Nová vlna
Josef Mach – Tři mrtvoly ve sklepě a jiné | Povídka 7: Podivuhodný příběh Karla Straširybky,2022-10,0,Nová vlna
Josef Mach – Tři mrtvoly ve sklepě a jiné | Povídka 7: Podivuhodný příběh Karla Straširybky,2022-11,0,Nová vlna
Josef Mach – Tři mrtvoly ve sklepě a jiné | Povídka 7: Podivuhodný příběh Karla Straširybky,2022-12,0,Nová vlna
Josef Mach – Tři mrtvoly ve sklepě a jiné | Povídka 7: Podivuhodný příběh Karla Straširybky,2023-01,0,Nová vlna
Josef Mach – Tři mrtvoly ve sklepě a jiné | Povídka 7: Podivuhodný příběh Karla Straširybky,2023-02,0,Nová vlna
Josef Mach – Tři mrtvoly ve sklepě a jiné | Povídka 7: Podivuhodný příběh Karla Straširybky,2023-03,0,Nová vlna
Josef Mach – Tři mrtvoly ve sklepě a jiné | Povídka 7: Podivuhodný příběh Karla Straširybky,2023-04,0,Nová vlna
Josef Mach – Tři mrtvoly ve sklepě a jiné | Povídka 7: Podivuhodný příběh Karla Straširybky,2023-05,0,Nová vlna
Josef Mach – Tři mrtvoly ve sklepě a jiné | Povídka 7: Podivuhodný příběh Karla Straširybky,2023-06,0,Nová vlna
Josef Mach – Tři mrtvoly ve sklepě a jiné | Povídka 7: Podivuhodný příběh Karla Straširybky,2023-07,0,Nová vlna
Josef Mach – Tři mrtvoly ve sklepě a jiné | Povídka 7: Podivuhodný příběh Karla Straširybky,2023-08,0,Nová vlna
Josef Mach – Tři mrtvoly ve sklepě a jiné | Povídka 7: Podivuhodný příběh Karla Straširybky,2023-09,0,Nová vlna
Josef Mach – Tři mrtvoly ve sklepě a jiné | Povídka 7: Podivuhodný příběh Karla Straširybky,2023-10,0,Nová vlna
Josef Mach – Tři mrtvoly ve sklepě a jiné | Povídka 7: Podivuhodný příběh Karla Straširybky,2023-11,0,Nová vlna
Josef Mach – Tři mrtvoly ve sklepě a jiné | Povídka 7: Podivuhodný příběh Karla Straširybky,2023-12,0,Nová vlna
Josef Mach – Tři mrtvoly ve sklepě a jiné | Povídka 7: Podivuhodný příběh Karla Straširybky,2024-01,0,Nová vlna
Josef Mach – Tři mrtvoly ve sklepě a jiné | Povídka 7: Podivuhodný příběh Karla Straširybky,2024-02,0,Nová vlna
Josef Mach – Tři mrtvoly ve sklepě a jiné | Povídka 7: Podivuhodný příběh Karla Straširybky,2024-03,0,Nová vlna
Josef Mach – Tři mrtvoly ve sklepě a jiné | Povídka 7: Podivuhodný příběh Karla Straširybky,2024-04,0,Nová vlna
Josef Mach – Tři mrtvoly ve sklepě a jiné | Povídka 7: Podivuhodný příběh Karla Straširybky,2024-05,0,Nová vlna
Josef Mach – Tři mrtvoly ve sklepě a jiné | Povídka 7: Podivuhodný příběh Karla Straširybky,2024-06,0,Nová vlna
Josef Mach – Tři mrtvoly ve sklepě a jiné | Povídka 7: Podivuhodný příběh Karla Straširybky,2024-07,0,Nová vlna
Josef Mach – Tři mrtvoly ve sklepě a jiné | Povídka 7: Podivuhodný příběh Karla Straširybky,2024-08,0,Nová vlna
Josef Mach – Tři mrtvoly ve sklepě a jiné | Povídka 7: Podivuhodný příběh Karla Straširybky,2024-09,0,Nová vlna
Josef Mach – Tři mrtvoly ve sklepě a jiné | Povídka 7: Podivuhodný příběh Karla Straširybky,2024-10,0,Nová vlna
Josef Mach – Tři mrtvoly ve sklepě a jiné | Povídka 7: Podivuhodný příběh Karla Straširybky,2024-11,0,Nová vlna
Josef Mach – Tři mrtvoly ve sklepě a jiné | Povídka 7: Podivuhodný příběh Karla Straširybky,2024-12,0,Nová vlna
Josef Mach – Tři mrtvoly ve sklepě a jiné | Povídka 7: Podivuhodný příběh Karla Straširybky,2025-01,0,Nová vlna
Josef Mach – Tři mrtvoly ve sklepě a jiné | Povídka 7: Podivuhodný příběh Karla Straširybky,2025-02,0,Nová vlna
Josef Mach – Tři mrtvoly ve sklepě a jiné | Povídka 7: Podivuhodný příběh Karla Straširybky,2025-03,0,Nová vlna
Josef Mach – Tři mrtvoly ve sklepě a jiné | Povídka 7: Podivuhodný příběh Karla Straširybky,2025-04,0,Nová vlna
Josef Mach – Tři mrtvoly ve sklepě a jiné | Povídka 7: Podivuhodný příběh Karla Straširybky,2025-05,0,Nová vlna
Josef Mach – Tři mrtvoly ve sklepě a jiné | Povídka 7: Podivuhodný příběh Karla Straširybky,2025-06,0,Nová vlna
Josef Mach – Tři mrtvoly ve sklepě a jiné | Povídka 7: Podivuhodný příběh Karla Straširybky,2025-07,0,Nová vlna
Josef Mach – Tři mrtvoly ve sklepě a jiné | Povídka 7: Podivuhodný příběh Karla Straširybky,2025-08,526,Nová vlna
Josef Mach – Tři mrtvoly ve sklepě a jiné | Povídka 7: Podivuhodný příběh Karla Straširybky,2025-09,75,Nová vlna
Josef Mach – Tři mrtvoly ve sklepě a jiné | Povídka 7: Podivuhodný příběh Karla Straširybky,2025-10,9,Nová vlna
Josef Mach – Tři mrtvoly ve sklepě a jiné | Povídka 7: Podivuhodný příběh Karla Straširybky,2025-11,8,Nová vlna
Josef Mach – Tři mrtvoly ve sklepě a jiné | Povídka 7: Podivuhodný příběh Karla Straširybky,2025-12,1,Nová vlna
Josef Mach – Tři mrtvoly ve sklepě a jiné | Povídka 7: Podivuhodný příběh Karla Straširybky,2026-01,1,Nová vlna
Josef Mach – Tři mrtvoly ve sklepě a jiné | Povídka 7: Podivuhodný příběh Karla Straširybky,2026-02,1,Nová vlna
Josef Mach – Tři mrtvoly ve sklepě a jiné | Povídka 7: Podivuhodný příběh Karla Straširybky,2026-03,5,Nová vlna
Josef Mach – Tři mrtvoly ve sklepě a jiné | Povídka 7: Podivuhodný příběh Karla Straširybky,2026-04,0,Nová vlna
Karel Hádek – Čtení o staré Praze | Kapitola 21: O městských privilegiích,2011-01,0,Nová vlna
Karel Hádek – Čtení o staré Praze | Kapitola 21: O městských privilegiích,2011-02,0,Nová vlna
Karel Hádek – Čtení o staré Praze | Kapitola 21: O městských privilegiích,2011-03,0,Nová vlna
Karel Hádek – Čtení o staré Praze | Kapitola 21: O městských privilegiích,2011-04,0,Nová vlna
Karel Hádek – Čtení o staré Praze | Kapitola 21: O městských privilegiích,2011-05,0,Nová vlna
Karel Hádek – Čtení o staré Praze | Kapitola 21: O městských privilegiích,2011-06,0,Nová vlna
Karel Hádek – Čtení o staré Praze | Kapitola 21: O městských privilegiích,2011-07,0,Nová vlna
Karel Hádek – Čtení o staré Praze | Kapitola 21: O městských privilegiích,2011-08,0,Nová vlna
Karel Hádek – Čtení o staré Praze | Kapitola 21: O městských privilegiích,2011-09,0,Nová vlna
Karel Hádek – Čtení o staré Praze | Kapitola 21: O městských privilegiích,2011-10,0,Nová vlna
Karel Hádek – Čtení o staré Praze | Kapitola 21: O městských privilegiích,2011-11,0,Nová vlna
Karel Hádek – Čtení o staré Praze | Kapitola 21: O městských privilegiích,2011-12,0,Nová vlna
Karel Hádek – Čtení o staré Praze | Kapitola 21: O městských privilegiích,2012-01,0,Nová vlna
Karel Hádek – Čtení o staré Praze | Kapitola 21: O městských privilegiích,2012-02,0,Nová vlna
Karel Hádek – Čtení o staré Praze | Kapitola 21: O městských privilegiích,2012-03,0,Nová vlna
Karel Hádek – Čtení o staré Praze | Kapitola 21: O městských privilegiích,2012-04,0,Nová vlna
Karel Hádek – Čtení o staré Praze | Kapitola 21: O městských privilegiích,2012-05,0,Nová vlna
Karel Hádek – Čtení o staré Praze | Kapitola 21: O městských privilegiích,2012-06,0,Nová vlna
Karel Hádek – Čtení o staré Praze | Kapitola 21: O městských privilegiích,2012-07,0,Nová vlna
Karel Hádek – Čtení o staré Praze | Kapitola 21: O městských privilegiích,2012-08,0,Nová vlna
Karel Hádek – Čtení o staré Praze | Kapitola 21: O městských privilegiích,2012-09,0,Nová vlna
Karel Hádek – Čtení o staré Praze | Kapitola 21: O městských privilegiích,2012-10,0,Nová vlna
Karel Hádek – Čtení o staré Praze | Kapitola 21: O městských privilegiích,2012-11,0,Nová vlna
Karel Hádek – Čtení o staré Praze | Kapitola 21: O městských privilegiích,2012-12,0,Nová vlna
Karel Hádek – Čtení o staré Praze | Kapitola 21: O městských privilegiích,2013-01,0,Nová vlna
Karel Hádek – Čtení o staré Praze | Kapitola 21: O městských privilegiích,2013-02,0,Nová vlna
Karel Hádek – Čtení o staré Praze | Kapitola 21: O městských privilegiích,2013-03,0,Nová vlna
Karel Hádek – Čtení o staré Praze | Kapitola 21: O městských privilegiích,2013-04,0,Nová vlna
Karel Hádek – Čtení o staré Praze | Kapitola 21: O městských privilegiích,2013-05,0,Nová vlna
Karel Hádek – Čtení o staré Praze | Kapitola 21: O městských privilegiích,2013-06,0,Nová vlna
Karel Hádek – Čtení o staré Praze | Kapitola 21: O městských privilegiích,2013-07,0,Nová vlna
Karel Hádek – Čtení o staré Praze | Kapitola 21: O městských privilegiích,2013-08,0,Nová vlna
Karel Hádek – Čtení o staré Praze | Kapitola 21: O městských privilegiích,2013-09,0,Nová vlna
Karel Hádek – Čtení o staré Praze | Kapitola 21: O městských privilegiích,2013-10,0,Nová vlna
Karel Hádek – Čtení o staré Praze | Kapitola 21: O městských privilegiích,2013-11,0,Nová vlna
Karel Hádek – Čtení o staré Praze | Kapitola 21: O městských privilegiích,2013-12,0,Nová vlna
Karel Hádek – Čtení o staré Praze | Kapitola 21: O městských privilegiích,2014-01,0,Nová vlna
Karel Hádek – Čtení o staré Praze | Kapitola 21: O městských privilegiích,2014-02,0,Nová vlna
Karel Hádek – Čtení o staré Praze | Kapitola 21: O městských privilegiích,2014-03,0,Nová vlna
Karel Hádek – Čtení o staré Praze | Kapitola 21: O městských privilegiích,2014-04,0,Nová vlna
Karel Hádek – Čtení o staré Praze | Kapitola 21: O městských privilegiích,2014-05,0,Nová vlna
Karel Hádek – Čtení o staré Praze | Kapitola 21: O městských privilegiích,2014-06,0,Nová vlna
Karel Hádek – Čtení o staré Praze | Kapitola 21: O městských privilegiích,2014-07,0,Nová vlna
Karel Hádek – Čtení o staré Praze | Kapitola 21: O městských privilegiích,2014-08,0,Nová vlna
Karel Hádek – Čtení o staré Praze | Kapitola 21: O městských privilegiích,2014-09,0,Nová vlna
Karel Hádek – Čtení o staré Praze | Kapitola 21: O městských privilegiích,2014-10,0,Nová vlna
Karel Hádek – Čtení o staré Praze | Kapitola 21: O městských privilegiích,2014-11,0,Nová vlna
Karel Hádek – Čtení o staré Praze | Kapitola 21: O městských privilegiích,2014-12,0,Nová vlna
Karel Hádek – Čtení o staré Praze | Kapitola 21: O městských privilegiích,2015-01,0,Nová vlna
Karel Hádek – Čtení o staré Praze | Kapitola 21: O městských privilegiích,2015-02,0,Nová vlna
Karel Hádek – Čtení o staré Praze | Kapitola 21: O městských privilegiích,2015-03,0,Nová vlna
Karel Hádek – Čtení o staré Praze | Kapitola 21: O městských privilegiích,2015-04,0,Nová vlna
Karel Hádek – Čtení o staré Praze | Kapitola 21: O městských privilegiích,2015-05,0,Nová vlna
Karel Hádek – Čtení o staré Praze | Kapitola 21: O městských privilegiích,2015-06,0,Nová vlna
Karel Hádek – Čtení o staré Praze | Kapitola 21: O městských privilegiích,2015-07,0,Nová vlna
Karel Hádek – Čtení o staré Praze | Kapitola 21: O městských privilegiích,2015-08,0,Nová vlna
Karel Hádek – Čtení o staré Praze | Kapitola 21: O městských privilegiích,2015-09,0,Nová vlna
Karel Hádek – Čtení o staré Praze | Kapitola 21: O městských privilegiích,2015-10,0,Nová vlna
Karel Hádek – Čtení o staré Praze | Kapitola 21: O městských privilegiích,2015-11,0,Nová vlna
Karel Hádek – Čtení o staré Praze | Kapitola 21: O městských privilegiích,2015-12,0,Nová vlna
Karel Hádek – Čtení o staré Praze | Kapitola 21: O městských privilegiích,2016-01,0,Nová vlna
Karel Hádek – Čtení o staré Praze | Kapitola 21: O městských privilegiích,2016-02,0,Nová vlna
Karel Hádek – Čtení o staré Praze | Kapitola 21: O městských privilegiích,2016-03,0,Nová vlna
Karel Hádek – Čtení o staré Praze | Kapitola 21: O městských privilegiích,2016-04,0,Nová vlna
Karel Hádek – Čtení o staré Praze | Kapitola 21: O městských privilegiích,2016-05,0,Nová vlna
Karel Hádek – Čtení o staré Praze | Kapitola 21: O městských privilegiích,2016-06,0,Nová vlna
Karel Hádek – Čtení o staré Praze | Kapitola 21: O městských privilegiích,2016-07,0,Nová vlna
Karel Hádek – Čtení o staré Praze | Kapitola 21: O městských privilegiích,2016-08,0,Nová vlna
Karel Hádek – Čtení o staré Praze | Kapitola 21: O městských privilegiích,2016-09,0,Nová vlna
Karel Hádek – Čtení o staré Praze | Kapitola 21: O městských privilegiích,2016-10,0,Nová vlna
Karel Hádek – Čtení o staré Praze | Kapitola 21: O městských privilegiích,2016-11,0,Nová vlna
Karel Hádek – Čtení o staré Praze | Kapitola 21: O městských privilegiích,2016-12,0,Nová vlna
Karel Hádek – Čtení o staré Praze | Kapitola 21: O městských privilegiích,2017-01,0,Nová vlna
Karel Hádek – Čtení o staré Praze | Kapitola 21: O městských privilegiích,2017-02,0,Nová vlna
Karel Hádek – Čtení o staré Praze | Kapitola 21: O městských privilegiích,2017-03,0,Nová vlna
Karel Hádek – Čtení o staré Praze | Kapitola 21: O městských privilegiích,2017-04,0,Nová vlna
Karel Hádek – Čtení o staré Praze | Kapitola 21: O městských privilegiích,2017-05,0,Nová vlna
Karel Hádek – Čtení o staré Praze | Kapitola 21: O městských privilegiích,2017-06,0,Nová vlna
Karel Hádek – Čtení o staré Praze | Kapitola 21: O městských privilegiích,2017-07,0,Nová vlna
Karel Hádek – Čtení o staré Praze | Kapitola 21: O městských privilegiích,2017-08,0,Nová vlna
Karel Hádek – Čtení o staré Praze | Kapitola 21: O městských privilegiích,2017-09,0,Nová vlna
Karel Hádek – Čtení o staré Praze | Kapitola 21: O městských privilegiích,2017-10,0,Nová vlna
Karel Hádek – Čtení o staré Praze | Kapitola 21: O městských privilegiích,2017-11,0,Nová vlna
Karel Hádek – Čtení o staré Praze | Kapitola 21: O městských privilegiích,2017-12,0,Nová vlna
Karel Hádek – Čtení o staré Praze | Kapitola 21: O městských privilegiích,2018-01,0,Nová vlna
Karel Hádek – Čtení o staré Praze | Kapitola 21: O městských privilegiích,2018-02,0,Nová vlna
Karel Hádek – Čtení o staré Praze | Kapitola 21: O městských privilegiích,2018-03,0,Nová vlna
Karel Hádek – Čtení o staré Praze | Kapitola 21: O městských privilegiích,2018-04,0,Nová vlna
Karel Hádek – Čtení o staré Praze | Kapitola 21: O městských privilegiích,2018-05,0,Nová vlna
Karel Hádek – Čtení o staré Praze | Kapitola 21: O městských privilegiích,2018-06,0,Nová vlna
Karel Hádek – Čtení o staré Praze | Kapitola 21: O městských privilegiích,2018-07,0,Nová vlna
Karel Hádek – Čtení o staré Praze | Kapitola 21: O městských privilegiích,2018-08,0,Nová vlna
Karel Hádek – Čtení o staré Praze | Kapitola 21: O městských privilegiích,2018-09,0,Nová vlna
Karel Hádek – Čtení o staré Praze | Kapitola 21: O městských privilegiích,2018-10,0,Nová vlna
Karel Hádek – Čtení o staré Praze | Kapitola 21: O městských privilegiích,2018-11,0,Nová vlna
Karel Hádek – Čtení o staré Praze | Kapitola 21: O městských privilegiích,2018-12,0,Nová vlna
Karel Hádek – Čtení o staré Praze | Kapitola 21: O městských privilegiích,2019-01,0,Nová vlna
Karel Hádek – Čtení o staré Praze | Kapitola 21: O městských privilegiích,2019-02,0,Nová vlna
Karel Hádek – Čtení o staré Praze | Kapitola 21: O městských privilegiích,2019-03,0,Nová vlna
Karel Hádek – Čtení o staré Praze | Kapitola 21: O městských privilegiích,2019-04,0,Nová vlna
Karel Hádek – Čtení o staré Praze | Kapitola 21: O městských privilegiích,2019-05,0,Nová vlna
Karel Hádek – Čtení o staré Praze | Kapitola 21: O městských privilegiích,2019-06,0,Nová vlna
Karel Hádek – Čtení o staré Praze | Kapitola 21: O městských privilegiích,2019-07,0,Nová vlna
Karel Hádek – Čtení o staré Praze | Kapitola 21: O městských privilegiích,2019-08,0,Nová vlna
Karel Hádek – Čtení o staré Praze | Kapitola 21: O městských privilegiích,2019-09,0,Nová vlna
Karel Hádek – Čtení o staré Praze | Kapitola 21: O městských privilegiích,2019-10,0,Nová vlna
Karel Hádek – Čtení o staré Praze | Kapitola 21: O městských privilegiích,2019-11,0,Nová vlna
Karel Hádek – Čtení o staré Praze | Kapitola 21: O městských privilegiích,2019-12,0,Nová vlna
Karel Hádek – Čtení o staré Praze | Kapitola 21: O městských privilegiích,2020-01,0,Nová vlna
Karel Hádek – Čtení o staré Praze | Kapitola 21: O městských privilegiích,2020-02,0,Nová vlna
Karel Hádek – Čtení o staré Praze | Kapitola 21: O městských privilegiích,2020-03,0,Nová vlna
Karel Hádek – Čtení o staré Praze | Kapitola 21: O městských privilegiích,2020-04,0,Nová vlna
Karel Hádek – Čtení o staré Praze | Kapitola 21: O městských privilegiích,2020-05,0,Nová vlna
Karel Hádek – Čtení o staré Praze | Kapitola 21: O městských privilegiích,2020-06,0,Nová vlna
Karel Hádek – Čtení o staré Praze | Kapitola 21: O městských privilegiích,2020-07,0,Nová vlna
Karel Hádek – Čtení o staré Praze | Kapitola 21: O městských privilegiích,2020-08,0,Nová vlna
Karel Hádek – Čtení o staré Praze | Kapitola 21: O městských privilegiích,2020-09,0,Nová vlna
Karel Hádek – Čtení o staré Praze | Kapitola 21: O městských privilegiích,2020-10,0,Nová vlna
Karel Hádek – Čtení o staré Praze | Kapitola 21: O městských privilegiích,2020-11,0,Nová vlna
Karel Hádek – Čtení o staré Praze | Kapitola 21: O městských privilegiích,2020-12,0,Nová vlna
Karel Hádek – Čtení o staré Praze | Kapitola 21: O městských privilegiích,2021-01,0,Nová vlna
Karel Hádek – Čtení o staré Praze | Kapitola 21: O městských privilegiích,2021-02,0,Nová vlna
Karel Hádek – Čtení o staré Praze | Kapitola 21: O městských privilegiích,2021-03,0,Nová vlna
Karel Hádek – Čtení o staré Praze | Kapitola 21: O městských privilegiích,2021-04,0,Nová vlna
Karel Hádek – Čtení o staré Praze | Kapitola 21: O městských privilegiích,2021-05,0,Nová vlna
Karel Hádek – Čtení o staré Praze | Kapitola 21: O městských privilegiích,2021-06,0,Nová vlna
Karel Hádek – Čtení o staré Praze | Kapitola 21: O městských privilegiích,2021-07,0,Nová vlna
Karel Hádek – Čtení o staré Praze | Kapitola 21: O městských privilegiích,2021-08,0,Nová vlna
Karel Hádek – Čtení o staré Praze | Kapitola 21: O městských privilegiích,2021-09,0,Nová vlna
Karel Hádek – Čtení o staré Praze | Kapitola 21: O městských privilegiích,2021-10,0,Nová vlna
Karel Hádek – Čtení o staré Praze | Kapitola 21: O městských privilegiích,2021-11,0,Nová vlna
Karel Hádek – Čtení o staré Praze | Kapitola 21: O městských privilegiích,2021-12,0,Nová vlna
Karel Hádek – Čtení o staré Praze | Kapitola 21: O městských privilegiích,2022-01,0,Nová vlna
Karel Hádek – Čtení o staré Praze | Kapitola 21: O městských privilegiích,2022-02,0,Nová vlna
Karel Hádek – Čtení o staré Praze | Kapitola 21: O městských privilegiích,2022-03,0,Nová vlna
Karel Hádek – Čtení o staré Praze | Kapitola 21: O městských privilegiích,2022-04,0,Nová vlna
Karel Hádek – Čtení o staré Praze | Kapitola 21: O městských privilegiích,2022-05,0,Nová vlna
Karel Hádek – Čtení o staré Praze | Kapitola 21: O městských privilegiích,2022-06,0,Nová vlna
Karel Hádek – Čtení o staré Praze | Kapitola 21: O městských privilegiích,2022-07,0,Nová vlna
Karel Hádek – Čtení o staré Praze | Kapitola 21: O městských privilegiích,2022-08,0,Nová vlna
Karel Hádek – Čtení o staré Praze | Kapitola 21: O městských privilegiích,2022-09,0,Nová vlna
Karel Hádek – Čtení o staré Praze | Kapitola 21: O městských privilegiích,2022-10,0,Nová vlna
Karel Hádek – Čtení o staré Praze | Kapitola 21: O městských privilegiích,2022-11,0,Nová vlna
Karel Hádek – Čtení o staré Praze | Kapitola 21: O městských privilegiích,2022-12,0,Nová vlna
Karel Hádek – Čtení o staré Praze | Kapitola 21: O městských privilegiích,2023-01,0,Nová vlna
Karel Hádek – Čtení o staré Praze | Kapitola 21: O městských privilegiích,2023-02,0,Nová vlna
Karel Hádek – Čtení o staré Praze | Kapitola 21: O městských privilegiích,2023-03,0,Nová vlna
Karel Hádek – Čtení o staré Praze | Kapitola 21: O městských privilegiích,2023-04,0,Nová vlna
Karel Hádek – Čtení o staré Praze | Kapitola 21: O městských privilegiích,2023-05,0,Nová vlna
Karel Hádek – Čtení o staré Praze | Kapitola 21: O městských privilegiích,2023-06,0,Nová vlna
Karel Hádek – Čtení o staré Praze | Kapitola 21: O městských privilegiích,2023-07,0,Nová vlna
Karel Hádek – Čtení o staré Praze | Kapitola 21: O městských privilegiích,2023-08,0,Nová vlna
Karel Hádek – Čtení o staré Praze | Kapitola 21: O městských privilegiích,2023-09,0,Nová vlna
Karel Hádek – Čtení o staré Praze | Kapitola 21: O městských privilegiích,2023-10,0,Nová vlna
Karel Hádek – Čtení o staré Praze | Kapitola 21: O městských privilegiích,2023-11,0,Nová vlna
Karel Hádek – Čtení o staré Praze | Kapitola 21: O městských privilegiích,2023-12,0,Nová vlna
Karel Hádek – Čtení o staré Praze | Kapitola 21: O městských privilegiích,2024-01,0,Nová vlna
Karel Hádek – Čtení o staré Praze | Kapitola 21: O městských privilegiích,2024-02,0,Nová vlna
Karel Hádek – Čtení o staré Praze | Kapitola 21: O městských privilegiích,2024-03,0,Nová vlna
Karel Hádek – Čtení o staré Praze | Kapitola 21: O městských privilegiích,2024-04,0,Nová vlna
Karel Hádek – Čtení o staré Praze | Kapitola 21: O městských privilegiích,2024-05,0,Nová vlna
Karel Hádek – Čtení o staré Praze | Kapitola 21: O městských privilegiích,2024-06,0,Nová vlna
Karel Hádek – Čtení o staré Praze | Kapitola 21: O městských privilegiích,2024-07,0,Nová vlna
Karel Hádek – Čtení o staré Praze | Kapitola 21: O městských privilegiích,2024-08,0,Nová vlna
Karel Hádek – Čtení o staré Praze | Kapitola 21: O městských privilegiích,2024-09,0,Nová vlna
Karel Hádek – Čtení o staré Praze | Kapitola 21: O městských privilegiích,2024-10,0,Nová vlna
Karel Hádek – Čtení o staré Praze | Kapitola 21: O městských privilegiích,2024-11,0,Nová vlna
Karel Hádek – Čtení o staré Praze | Kapitola 21: O městských privilegiích,2024-12,0,Nová vlna
Karel Hádek – Čtení o staré Praze | Kapitola 21: O městských privilegiích,2025-01,0,Nová vlna
Karel Hádek – Čtení o staré Praze | Kapitola 21: O městských privilegiích,2025-02,0,Nová vlna
Karel Hádek – Čtení o staré Praze | Kapitola 21: O městských privilegiích,2025-03,0,Nová vlna
Karel Hádek – Čtení o staré Praze | Kapitola 21: O městských privilegiích,2025-04,0,Nová vlna
Karel Hádek – Čtení o staré Praze | Kapitola 21: O městských privilegiích,2025-05,0,Nová vlna
Karel Hádek – Čtení o staré Praze | Kapitola 21: O městských privilegiích,2025-06,0,Nová vlna
Karel Hádek – Čtení o staré Praze | Kapitola 21: O městských privilegiích,2025-07,0,Nová vlna
Karel Hádek – Čtení o staré Praze | Kapitola 21: O městských privilegiích,2025-08,0,Nová vlna
Karel Hádek – Čtení o staré Praze | Kapitola 21: O městských privilegiích,2025-09,0,Nová vlna
Karel Hádek – Čtení o staré Praze | Kapitola 21: O městských privilegiích,2025-10,0,Nová vlna
Karel Hádek – Čtení o staré Praze | Kapitola 21: O městských privilegiích,2025-11,0,Nová vlna
Karel Hádek – Čtení o staré Praze | Kapitola 21: O městských privilegiích,2025-12,0,Nová vlna
Karel Hádek – Čtení o staré Praze | Kapitola 21: O městských privilegiích,2026-01,896,Nová vlna
Karel Hádek – Čtení o staré Praze | Kapitola 21: O městských privilegiích,2026-02,18,Nová vlna
Karel Hádek – Čtení o staré Praze | Kapitola 21: O městských privilegiích,2026-03,3,Nová vlna
Karel Hádek – Čtení o staré Praze | Kapitola 21: O městských privilegiích,2026-04,0,Nová vlna
